MAE (kWh),RMSE (kWh),MAPE (%),R²
2.2642633085853574,3.0649749858866815,8.347615422698688,0.9286776995231029
