MAE (kWh),RMSE (kWh),MAPE (%),R² Score
2.2621708634268454,3.061800526735137,8.353283422233329,0.9287946511142358
